{"cameraMode":{"drawMode":0,"name":"Shaded","section":"Shading Mode"},"sceneLighting":true,"audioPlay":false,"sceneViewState":{"showFog":true,"showMaterialUpdate":false,"showSkybox":true,"showFlares":true,"showImageEffects":true,"showParticleSystems":true},"in2DMode":false,"pivot":{"x":314.69281005859377,"y":204.03988647460938,"z":2.0219125747680666},"rotation":{"x":-0.037364061921834949,"y":0.7901631593704224,"z":0.04841237887740135,"w":0.6098379492759705},"size":4.238272190093994,"orthographic":false}